contract_id,issuer_id,start_location_id,start_location_name,end_location_id,end_location_name,start_system_id,end_system_id,volume,collateral,lightyears,reward,issuer_name
219938132,2118678757,1046664001931,UALX-3 - 1st Goonstantinople,60003760,Jita IV - Moon 4 - Caldari Navy Assembly Plant,30004807,30000142,38226.679999999986,7500000000.0,41.53,38000000.0,Radski82
219965485,2119287614,1046664001931,UALX-3 - 1st Goonstantinople,60003760,Jita IV - Moon 4 - Caldari Navy Assembly Plant,30004807,30000142,40884.35999999998,1900000000.0,41.53,35000000.0,Nari Kashada
219970545,90770108,1046664001931,UALX-3 - 1st Goonstantinople,60003760,Jita IV - Moon 4 - Caldari Navy Assembly Plant,30004807,30000142,348409.02999999997,10459614829.0,41.53,320000000.0,Bolmaea Hegirin
219972229,2119287614,1046664001931,UALX-3 - 1st Goonstantinople,60003760,Jita IV - Moon 4 - Caldari Navy Assembly Plant,30004807,30000142,9039.01,304000000.0,41.53,8000000.0,Nari Kashada
219975493,93717730,60003760,Jita IV - Moon 4 - Caldari Navy Assembly Plant,1046664001931,UALX-3 - 1st Goonstantinople,30000142,30004807,7.269999999999995,2500000000.0,41.53,13000000.0,Meili Ling
219976015,93717730,60003760,Jita IV - Moon 4 - Caldari Navy Assembly Plant,1046664001931,UALX-3 - 1st Goonstantinople,30000142,30004807,0.12999999999999998,1000000000.0,41.53,13000000.0,Meili Ling
219983041,94664886,60003760,Jita IV - Moon 4 - Caldari Navy Assembly Plant,1046664001931,UALX-3 - 1st Goonstantinople,30000142,30004807,0.5000000000000002,2500000000.0,41.53,13000000.0,Bartok Armer
